Category,Budget 2012 ($M),Budget 2025 ($M),Change ($M),Change (%)
K-12,6179,9883,3704,59.94497491503479
Post-Secondary,2856,6635,3779,132.31792717086836
Total Education,9035,16518,7483,82.82235749861648
