Fiscal_Year,Year,Population,K12_M,PostSec_M,Total_M,K12_PerCapita,PostSec_PerCapita,Total_PerCapita,Pop_Index,K12_Index,PostSec_Index,Total_Index
2012-13,2012,3822425,6179,2856,9035,1616.513077431212,747.1696632373428,2363.6827406685547,100.0,100.0,100.0,100.0
2013-14,2013,3917941,6210,2682,8892,1585.0162113212016,684.5432332952436,2269.559444616445,102.4988325474012,100.50169930409452,93.90756302521008,98.41726618705036
2023-24,2023,4596901,8836,5604,14440,1922.1645190966697,1219.0821599159956,3141.2466790126655,120.26137857511921,143.00048551545558,196.21848739495798,159.8229109020476
2024-25,2024,4801806,9252,6305,15557,1926.7750508871038,1313.0476324949404,3239.822683382044,125.62198081061106,149.7329664994336,220.76330532212887,172.18594355285
2025-26,2025,4988181,9883,6635,16518,1981.2833576006965,1330.1441948477811,3311.427552448478,130.497812252693,159.94497491503478,232.31792717086836,182.8223574986165
